Ubigeo;Departamento;Total;0 - 4;5-Set;Oct-14;15 - 19;20 - 24;25 - 29;30 - 34;35 - 39;40 - 44;45 - 49;50 - 54;55 -59;60 - 64;65 - 69;70 - 74;75 - 79;80 y más;Year
10000;Amazonas;408,751;48,238;51,793;44,734;38,099;33,938;36,173;31,093;27,454;20,980;18,683;15,618;12,485;9,911;6,907;5,327;4,019;3,299;2015
20000;Áncash;1,116,151;110,463;117,742;108,960;102,891;99,851;92,954;79,049;70,073;61,887;57,491;50,386;41,710;34,919;27,370;23,456;18,646;18,303;2015
30000;Apurímac;421,546;46,485;49,729;43,502;37,840;36,421;42,136;33,271;26,251;20,678;17,935;16,863;13,347;11,112;8,704;7,460;5,487;4,325;2015
40000;Arequipa;1,327,106;111,158;115,277;112,887;115,514;118,462;99,620;96,307;92,046;89,787;82,301;71,068;59,919;50,411;37,739;28,513;21,140;24,957;2015
50000;Ayacucho;644,322;71,730;76,168;68,529;63,759;62,552;57,181;46,258;37,556;31,890;27,407;25,302;19,922;16,547;12,759;10,910;8,089;7,763;2015
60000;Cajamarca;1,413,007;152,820;170,239;152,086;137,974;128,015;120,105;105,916;94,514;74,758;64,314;53,995;44,373;36,244;26,722;21,022;15,423;14,487;2015
70000;Callao;1,003,208;83,208;86,228;82,413;80,674;80,847;67,899;71,812;75,129;74,289;65,603;56,178;47,681;40,889;30,470;23,301;17,095;19,492;2015
80000;Cusco;1,264,393;126,561;137,955;125,187;120,977;120,244;110,301;95,289;81,645;67,396;61,787;56,358;46,548;36,481;27,394;20,386;15,118;14,766;2015
90000;Huancavelica;393,473;48,204;53,734;48,049;39,803;35,168;33,301;28,129;21,997;16,269;14,043;13,144;10,807;9,136;7,214;6,000;4,141;4,334;2015
100000;Huánuco;752,150;83,064;90,220;81,962;77,390;73,451;62,306;57,486;50,258;38,321;32,181;27,541;22,126;17,771;13,183;10,135;7,562;7,193;2015
110000;Ica;847,268;84,335;86,516;82,464;79,706;78,185;65,367;58,715;52,003;49,488;44,493;40,843;33,942;27,932;21,309;16,139;12,398;13,433;2015
120000;Junín;1,293,785;132,145;134,879;127,161;120,795;118,069;111,672;95,816;80,973;75,271;65,480;55,905;47,928;39,919;29,907;23,178;17,574;17,113;2015
130000;La Libertad;1,821,292;180,046;183,311;171,393;164,987;164,079;150,575;132,134;115,660;107,835;97,166;83,946;71,792;59,738;43,933;36,189;29,613;28,895;2015
140000;Lambayeque;1,208,672;115,262;121,454;114,527;112,235;106,235;94,329;82,497;76,346;74,069;67,776;58,836;49,700;42,386;30,924;23,947;18,116;20,033;2015
150000;Lima;9,514,151;686,480;748,661;745,507;774,786;820,619;728,462;727,568;706,880;700,465;622,455;537,792;445,762;384,502;291,719;232,810;172,733;186,950;2015
160000;Loreto;958,509;125,831;126,573;111,276;96,649;84,224;78,365;67,711;57,213;46,588;38,440;33,409;27,784;22,209;16,189;11,247;7,681;7,120;2015
170000;Madre de Dios;143,639;13,162;13,901;12,951;12,534;13,229;13,041;13,004;10,596;9,197;9,094;7,779;5,710;3,942;2,268;1,408;855;968;2015
180000;Moquegua;176,719;13,085;13,793;13,564;12,725;12,206;12,680;13,596;14,838;14,514;13,248;10,975;8,850;7,273;5,574;4,152;2,784;2,862;2015
190000;Pasco;271,027;27,384;30,240;27,348;24,691;21,920;21,425;22,849;20,022;17,277;14,443;12,037;9,108;7,294;5,129;3,805;2,955;3,100;2015
200000;Piura;1,863,545;179,880;194,963;180,684;180,488;179,494;147,741;135,789;126,924;107,317;94,151;81,630;73,424;62,281;40,480;31,538;23,121;23,640;2015
210000;Puno;1,233,379;117,687;121,002;117,710;114,630;114,355;104,067;91,747;80,860;76,378;63,846;54,092;45,326;37,926;30,523;24,284;18,196;20,750;2015
220000;San Martín;817,542;89,672;92,869;85,238;76,870;68,510;63,364;60,978;57,136;49,983;45,369;39,761;29,600;21,014;14,093;9,867;6,943;6,275;2015
230000;Tacna;330,422;24,464;26,542;26,681;26,888;26,711;24,953;25,331;27,567;25,078;23,759;20,428;15,825;12,603;8,823;6,485;4,400;3,884;2015
240000;Tumbes;226,099;20,907;21,644;20,964;18,954;17,426;17,427;17,435;18,926;16,600;14,137;11,773;9,556;7,618;4,745;3,522;2,265;2,200;2015
250000;Ucayali;514,343;61,540;61,616;55,714;50,595;44,912;37,321;37,256;34,790;30,130;26,252;22,217;17,095;12,901;8,658;5,711;3,918;3,717;2015
;Amazonas;411,525;47,520;51,064;45,356;37,924;33,576;35,761;31,909;28,168;21,850;18,868;16,108;12,929;10,271;7,246;5,418;4,066;3,491;2016
;Áncash;1,126,698;109,497;115,184;108,187;99,444;99,177;94,320;82,137;72,622;63,930;58,357;52,451;43,670;36,195;28,661;24,024;19,170;19,672;2016
;Apurímac;422,534;45,587;48,887;43,796;37,078;35,113;41,489;34,992;27,463;21,471;18,098;16,973;13,773;11,306;8,860;7,462;5,620;4,566;2016
;Arequipa;1,357,444;112,040;114,083;112,563;113,778;120,480;103,604;99,020;95,370;92,679;84,715;74,270;62,718;52,642;40,197;30,275;22,102;26,908;2016
;Ayacucho;647,794;70,797;75,058;68,748;62,427;61,615;58,188;48,184;38,856;32,683;27,822;25,672;20,672;16,954;13,059;10,897;8,200;7,962;2016
;Cajamarca;1,418,297;149,187;166,922;153,342;136,237;126,576;120,535;107,750;96,471;77,564;65,383;55,370;45,579;37,263;27,719;21,402;15,718;15,279;2016
;Prov. Const. del Callao;1,025,749;84,117;85,052;81,907;78,797;82,272;70,338;72,598;76,560;76,667;68,010;59,024;50,051;42,807;32,915;25,085;18,171;21,378;2016
;Cusco;1,280,145;125,815;136,106;126,256;119,012;119,511;112,462;98,941;84,994;70,020;62,494;57,534;48,339;37,994;28,570;21,052;15,469;15,576;2016
;Huancavelica;386,752;45,987;51,580;47,553;38,956;34,044;32,711;28,384;22,533;16,597;13,855;12,944;10,870;9,125;7,201;5,922;4,127;4,363;2016
;Huánuco;752,248;81,280;88,254;81,932;75,997;72,832;62,920;57,600;51,310;39,749;32,561;27,933;22,652;18,190;13,621;10,289;7,629;7,499;2016
;Ica;870,166;85,855;86,668;83,505;80,003;79,804;68,334;60,956;54,038;50,925;45,839;42,238;35,820;29,287;22,583;17,041;12,833;14,437;2016
;Junín;1,304,632;131,586;133,783;127,361;119,264;117,033;112,618;98,799;83,124;76,214;66,768;57,199;49,067;41,071;31,152;23,780;17,878;17,935;2016
;La Libertad;1,855,780;181,028;180,403;170,057;160,401;165,170;154,035;138,218;121,762;112,176;99,876;88,115;75,315;62,668;46,900;37,791;30,698;31,167;2016
;Lambayeque;1,226,321;114,877;119,639;113,988;109,449;106,915;96,263;85,487;78,556;75,720;69,262;61,330;51,774;44,196;33,087;25,224;18,839;21,715;2016
;Lima;9,711,755;688,620;731,390;736,657;757,054;831,063;750,711;744,918;729,758;722,185;643,793;563,542;469,521;400,690;311,385;246,117;181,423;202,928;2016
;Loreto;970,219;125,105;125,497;112,120;96,127;84,508;78,776;69,724;59,375;48,553;39,435;34,220;28,816;23,115;17,178;11,951;8,045;7,674;2016
;Madre de Dios;149,044;13,516;13,906;13,107;12,418;13,592;13,499;13,587;11,361;9,680;9,365;8,278;6,268;4,316;2,596;1,542;920;1,093;2016
;Moquegua;179,508;13,071;13,660;13,568;12,705;12,329;12,688;13,563;14,892;14,844;13,598;11,505;9,257;7,579;5,875;4,353;2,919;3,102;2016
;Pasco;270,648;26,668;29,484;27,320;24,295;21,743;21,035;22,565;20,394;17,637;14,723;12,364;9,406;7,490;5,344;3,915;2,984;3,281;2016
;Piura;1,895,889;179,362;192,404;181,077;176,974;180,004;153,485;139,565;131,376;112,776;96,887;84,854;76,076;65,170;43,904;32,636;24,078;25,261;2016
;Puno;1,231,778;115,903;118,931;116,282;111,978;112,566;104,747;93,004;81,493;76,695;65,221;54,994;46,114;38,515;31,045;24,560;18,373;21,357;2016
;San Martín;831,960;89,768;92,550;86,353;77,206;69,330;64,151;61,840;58,415;51,514;46,176;41,104;31,570;22,443;15,096;10,427;7,220;6,797;2016
;Tacna;337,630;24,544;26,034;26,471;26,623;27,192;25,525;25,839;28,139;26,069;24,309;21,419;16,844;13,274;9,469;6,897;4,687;4,295;2016
;Tumbes;230,598;21,017;21,504;21,048;19,035;17,729;17,539;17,563;19,078;17,274;14,674;12,298;10,070;8,048;5,196;3,753;2,394;2,378;2016
;Ucayali;527,717;62,388;61,398;55,955;50,307;46,245;38,716;38,092;36,335;31,725;27,163;23,311;18,290;13,770;9,477;6,163;4,171;4,211;2016
;Amazonas;415,469;47,123;49,760;46,371;37,831;33,588;34,998;33,091;28,837;23,101;19,002;16,685;13,450;10,620;7,691;5,549;4,071;3,701;2017
;Áncash;1,140,486;109,079;111,023;107,787;95,358;98,633;95,812;86,357;75,924;66,796;59,220;54,955;46,036;37,461;30,416;24,677;19,618;21,334;2017
;Apurímac;424,717;44,947;47,515;44,515;36,519;34,162;40,085;37,205;28,895;22,529;18,383;16,966;14,344;11,485;9,122;7,440;5,725;4,880;2017
;Arequipa;1,392,144;113,303;111,771;112,234;111,433;122,435;109,290;102,466;99,912;96,146;87,198;77,965;65,854;54,709;42,992;32,258;23,063;29,115;2017
;Ayacucho;653,101;70,301;73,295;69,639;61,352;60,351;59,190;50,574;40,473;33,650;28,461;25,925;21,625;17,366;13,528;10,847;8,308;8,216;2017
;Cajamarca;1,427,598;146,535;161,687;156,214;134,924;125,248;121,059;110,397;98,331;81,403;66,508;56,994;47,000;38,227;29,036;21,865;15,965;16,205;2017
;Prov. Const.del Callao;1,051,572;85,374;82,757;81,065;76,229;83,875;74,409;73,975;78,563;79,393;70,692;62,380;52,721;44,496;35,746;27,059;19,288;23,550;2017
;Cusco;1,299,643;126,038;132,646;128,495;117,213;118,530;114,943;103,430;88,863;73,587;63,270;58,683;50,334;39,571;29,938;21,845;15,724;16,533;2017
;Huancavelica;381,277;44,201;48,903;47,385;38,422;33,052;32,023;28,727;23,183;17,171;13,759;12,677;11,031;9,101;7,264;5,827;4,145;4,406;2017
;Huánuco;754,476;80,158;85,497;82,715;74,787;71,907;64,197;57,719;52,322;41,721;33,033;28,332;23,294;18,604;14,179;10,492;7,682;7,837;2017
;Ica;896,000;88,034;86,268;84,793;80,210;81,216;72,076;63,517;56,704;52,523;47,463;43,655;38,014;30,641;24,014;18,098;13,261;15,513;2017
;Junín;1,319,212;131,563;132,034;128,315;118,060;116,102;113,442;102,501;86,264;77,177;68,282;58,767;50,345;42,160;32,687;24,518;18,126;18,869;2017
;La Libertad;1,895,988;182,682;175,042;168,195;154,149;166,990;158,237;146,070;130,173;117,664;102,762;93,309;79,373;65,539;50,663;39,693;31,689;33,758;2017
;Lambayeque;1,247,616;114,934;116,445;113,474;105,695;108,067;98,628;89,642;81,806;77,801;70,877;64,399;54,253;45,905;35,782;26,677;19,585;23,646;2017
;Lima;9,939,885;694,396;703,742;725,401;733,714;843,910;785,258;768,415;762,347;746,536;667,097;592,359;497,062;414,484;334,371;259,922;189,975;220,896;2017
;Loreto;984,759;124,938;123,366;113,305;95,420;85,338;79,099;72,321;62,030;51,042;40,700;35,151;30,050;24,071;18,347;12,817;8,455;8,309;2017
;Madre de Dios;155,027;14,006;13,759;13,307;12,186;14,022;14,070;14,166;12,294;10,308;9,587;8,807;6,910;4,696;2,995;1,685;985;1,244;2017
;Moquegua;182,836;13,097;13,442;13,584;12,659;12,552;12,769;13,627;14,969;15,252;13,933;12,114;9,719;7,887;6,224;4,567;3,063;3,378;2017
;Pasco;271,036;26,144;28,417;27,508;23,852;21,743;20,816;22,136;20,927;18,089;15,071;12,710;9,781;7,662;5,617;4,076;3,006;3,481;2017
;Piura;1,933,993;179,881;187,483;182,732;173,032;179,272;161,456;144,378;136,301;119,787;99,838;88,996;79,059;67,584;48,353;33,699;25,071;27,071;2017
;Puno;1,233,676;114,607;116,671;115,606;109,820;110,503;105,777;94,738;82,764;76,712;66,996;56,030;47,069;39,157;31,715;24,921;18,572;22,018;2017
;San Martín;848,910;90,347;91,605;87,882;77,518;70,466;65,306;62,972;59,875;53,555;47,029;42,346;33,820;23,975;16,266;11,085;7,465;7,398;2017
;Tacna;345,911;24,737;25,209;26,166;26,205;27,902;26,384;26,722;28,719;27,396;24,783;22,464;18,028;13,904;10,222;7,324;4,978;4,768;2017
;Tumbes;235,813;21,208;21,225;21,120;19,088;18,258;17,728;17,895;19,116;18,082;15,259;12,875;10,651;8,437;5,757;4,005;2,530;2,579;2017
;Ucayali;542,847;63,610;60,506;56,043;49,553;47,677;40,784;39,121;38,259;33,775;28,159;24,506;19,718;14,698;10,460;6,704;4,443;4,831;2017
;Amazonas;419,833;46,898;48,200;47,447;37,850;33,798;34,086;34,318;29,469;24,500;19,168;17,270;13,999;10,962;8,180;5,713;4,062;3,913;2018
;Áncash;1,155,451;108,921;106,354;107,494;91,378;97,953;97,155;90,865;79,531;70,020;60,167;57,505;48,535;38,749;32,339;25,392;20,008;23,085;2018
;Apurímac;427,323;44,440;45,904;45,332;36,164;33,452;38,287;39,404;30,429;23,730;18,777;16,911;14,945;11,672;9,433;7,417;5,800;5,226;2018
;Arequipa;1,428,708;114,761;109,228;111,934;109,113;124,076;115,572;106,297;104,866;99,819;89,732;81,772;69,128;56,720;45,882;34,349;24,056;31,403;2018
;Ayacucho;659,061;70,014;71,255;70,726;60,549;58,933;60,005;53,051;42,256;34,729;29,234;26,118;22,623;17,791;14,077;10,803;8,402;8,495;2018
;Cajamarca;1,438,325;144,476;155,572;159,411;134,080;123,990;121,464;113,242;100,086;85,595;67,790;58,698;48,512;39,168;30,481;22,400;16,188;17,172;2018
;Prov. Const. del Callao;1,078,789;86,778;80,229;80,136;73,667;85,322;79,141;75,720;80,699;82,100;73,459;65,880;55,525;46,090;38,659;29,114;20,442;25,828;2018
;Cusco;1,320,530;126,734;128,564;131,027;115,799;117,369;117,296;108,085;92,923;77,604;64,240;59,769;52,334;41,175;31,397;22,722;15,951;17,541;2018
;Huancavelica;376,346;42,689;46,020;47,232;38,073;32,175;31,266;29,032;23,841;17,868;13,751;12,388;11,216;9,072;7,360;5,729;4,175;4,459;2018
;Huánuco;757,467;79,396;82,411;83,700;73,788;70,793;65,664;57,863;53,214;43,877;33,625;28,734;23,968;19,014;14,780;10,731;7,731;8,178;2018
;Ica;923,175;90,480;85,762;86,151;80,497;82,427;76,041;66,267;59,663;54,227;49,217;45,061;40,283;32,025;25,514;19,244;13,718;16,598;2018
;Junín;1,335,139;131,758;130,045;129,506;117,210;115,210;114,028;106,287;89,867;78,226;69,854;60,432;51,666;43,194;34,323;25,349;18,363;19,821;2018
;La Libertad;1,938,501;184,622;169,085;166,197;147,773;168,690;162,509;154,348;139,431;123,675;105,841;98,747;83,627;68,377;54,721;41,778;32,627;36,453;2018
;Lambayeque;1,270,295;115,193;112,825;112,971;101,894;109,159;101,040;94,155;85,513;80,061;72,542;67,580;56,900;47,550;38,644;28,241;20,368;25,659;2018
;Lima;10,180,641;702,532;673,871;713,299;710,249;855,783;824,361;794,562;798,044;771,305;691,049;621,763;526,042;427,573;358,205;274,013;198,525;239,465;2018
;Loreto;1,000,350;125,050;120,805;114,514;94,823;86,367;79,355;74,989;64,830;53,737;42,158;36,143;31,331;25,040;19,568;13,758;8,901;8,981;2018
;Madre de Dios;161,324;14,571;13,585;13,524;11,945;14,440;14,685;14,727;13,288;11,020;9,809;9,326;7,577;5,089;3,431;1,848;1,059;1,400;2018
;Moquegua;186,371;13,138;13,203;13,603;12,614;12,811;12,896;13,736;15,039;15,661;14,252;12,740;10,209;8,204;6,592;4,791;3,214;3,668;2018
;Pasco;271,704;25,722;27,222;27,734;23,427;21,813;20,702;21,632;21,465;18,571;15,454;13,055;10,191;7,827;5,913;4,262;3,029;3,685;2018
;Piura;1,974,368;180,885;181,747;184,814;169,387;177,669;169,940;149,739;141,296;127,311;103,103;93,474;82,172;69,715;53,175;34,914;26,069;28,958;2018
;Puno;1,236,836;113,523;114,353;115,225;108,036;108,273;106,738;96,589;84,351;76,603;68,841;57,140;48,093;39,827;32,444;25,330;18,783;22,687;2018
;San Martín;866,861;91,150;90,427;89,482;77,907;71,712;66,633;64,203;61,351;55,772;47,954;43,482;36,116;25,579;17,538;11,814;7,712;8,029;2018
;Tacna;354,644;24,986;24,315;25,821;25,761;28,659;27,368;27,766;29,270;28,816;25,253;23,484;19,271;14,541;11,021;7,767;5,272;5,273;2018
;Tumbes;241,321;21,434;20,913;21,175;19,144;18,872;17,968;18,315;19,087;18,893;15,870;13,474;11,257;8,810;6,364;4,278;2,679;2,788;2018
;Ucayali;558,767;65,018;59,443;56,085;48,707;49,010;43,133;40,256;40,245;35,977;29,239;25,720;21,221;15,666;11,508;7,305;4,734;5,500;2018
;Amazonas;423,863;46,696;46,709;48,249;38,010;34,034;33,223;35,270;30,072;25,808;19,450;17,784;14,526;11,305;8,651;5,903;4,061;4,112;2019
;Áncash;1,169,522;108,738;102,264;107,051;88,248;96,870;98,074;94,818;82,990;73,135;61,280;59,701;50,889;40,086;34,139;26,148;20,362;24,729;2019
;Apurímac;429,587;43,940;44,352;45,922;36,005;32,869;36,461;41,087;31,951;24,955;19,268;16,878;15,465;11,884;9,733;7,415;5,848;5,554;2019
;Arequipa;1,464,638;116,227;107,340;111,699;107,457;125,135;121,338;110,171;109,431;103,330;92,296;85,309;72,340;58,781;48,626;36,433;25,115;33,610;2019
;Ayacucho;664,494;69,702;69,315;71,526;60,031;57,534;60,455;55,237;44,063;35,858;30,044;26,312;23,510;18,244;14,617;10,807;8,473;8,766;2019
;Cajamarca;1,447,891;142,619;149,618;161,641;133,750;122,754;121,531;115,673;101,730;89,459;69,333;60,310;49,990;40,114;31,867;22,997;16,419;18,086;2019
;Prov. Const. del Callao;1,105,512;88,134;78,354;79,365;71,805;86,289;83,555;77,611;82,530;84,420;76,119;69,162;58,296;47,723;41,342;31,138;21,627;28,042;2019
;Cusco;1,340,457;127,400;124,862;132,978;114,985;116,089;119,069;112,240;96,849;81,579;65,532;60,757;54,140;42,768;32,851;23,637;16,216;18,505;2019
;Huancavelica;371,260;41,295;43,242;46,802;37,784;31,397;30,466;29,173;24,406;18,559;13,828;12,120;11,345;9,051;7,448;5,645;4,195;4,504;2019
;Huánuco;759,851;78,688;79,453;84,285;73,029;69,608;66,844;58,056;53,904;45,856;34,365;29,131;24,589;19,423;15,346;10,994;7,789;8,491;2019
;Ica;950,100;92,790;85,599;87,401;81,033;83,443;79,680;69,075;62,576;55,985;50,952;46,424;42,383;33,472;26,998;20,409;14,236;17,644;2019
;Junín;1,350,021;131,851;128,218;130,419;116,736;114,290;114,253;109,518;93,407;79,422;71,317;62,014;52,943;44,187;35,869;26,228;18,632;20,717;2019
;La Libertad;1,979,901;186,452;164,399;164,449;142,814;169,416;166,182;161,702;148,080;129,578;109,123;103,650;87,740;71,206;58,585;43,934;33,556;39,035;2019
;Lambayeque;1,292,105;115,422;109,734;112,464;98,967;109,663;103,114;98,218;89,092;82,246;74,178;70,416;59,470;49,170;41,309;29,854;21,202;27,586;2019
;Lima;10,416,139;711,753;649,942;701,899;692,157;863,296;860,297;819,860;830,230;794,304;714,346;649,286;554,130;441,636;380,405;288,179;207,196;257,223;2019
;Loreto;1,015,212;125,159;118,446;115,436;94,630;87,251;79,568;77,215;67,422;56,320;43,732;37,131;32,507;25,984;20,714;14,688;9,369;9,640;2019
;Madre de Dios;167,674;15,152;13,511;13,724;11,807;14,778;15,274;15,250;14,218;11,761;10,074;9,797;8,212;5,513;3,861;2,041;1,146;1,555;2019
;Moquegua;189,781;13,175;12,996;13,607;12,596;13,045;13,042;13,840;15,075;15,989;14,560;13,314;10,710;8,532;6,950;5,022;3,373;3,955;2019
;Pasco;272,157;25,314;26,075;27,825;23,089;21,848;20,623;21,123;21,854;19,019;15,836;13,378;10,591;8,006;6,194;4,452;3,061;3,869;2019
;Piura;2,013,517;181,821;176,745;186,486;166,762;175,562;177,226;155,161;145,956;134,304;106,785;97,705;85,208;71,760;57,719;36,465;27,057;30,795;2019
;Puno;1,239,022;112,384;112,116;114,678;106,509;105,985;107,216;98,192;85,932;76,536;70,421;58,268;49,091;40,494;33,147;25,748;18,995;23,310;2019
;San Martín;884,283;91,935;89,393;90,811;78,475;72,864;67,934;65,357;62,677;57,837;48,978;44,509;38,218;27,224;18,847;12,584;7,995;8,645;2019
;Tacna;363,205;25,236;23,600;25,487;25,418;29,283;28,320;28,754;29,756;30,082;25,790;24,401;20,464;15,229;11,804;8,230;5,573;5,778;2019
;Tumbes;246,699;21,652;20,671;21,210;19,235;19,433;18,236;18,703;19,040;19,574;16,485;14,062;11,844;9,193;6,949;4,572;2,842;2,998;2019
;Ucayali;574,509;66,416;58,707;56,190;48,141;50,045;45,371;41,410;41,982;38,038;30,409;26,869;22,642;16,654;12,523;7,938;5,042;6,132;2019
;Amazonas;426,806;46,366;45,604;48,452;38,344;34,122;32,610;35,625;30,653;26,793;19,932;18,147;14,984;11,654;9,040;6,109;4,095;4,276;2020
;Áncash;1,180,638;108,240;99,847;106,190;86,711;95,116;98,296;97,375;85,851;75,674;62,645;61,153;52,824;41,503;35,522;26,919;20,695;26,077;2020
;Apurímac;430,736;43,320;43,149;45,963;36,041;32,297;34,973;41,748;33,343;26,079;19,841;16,935;15,794;12,145;9,964;7,454;5,868;5,822;2020
;Arequipa;1,497,438;117,513;106,994;111,558;107,100;125,364;125,475;113,743;112,802;106,306;94,868;88,194;75,293;61,002;50,985;38,397;26,277;35,567;2020
;Ayacucho;668,213;69,135;67,847;71,565;59,807;56,327;60,360;56,756;45,744;36,973;30,799;26,564;24,130;18,737;15,058;10,903;8,510;8,998;2020
;Cajamarca;1,453,711;140,571;144,872;161,619;133,975;121,503;121,047;117,076;103,254;92,315;71,236;61,660;51,309;41,096;33,003;23,646;16,685;18,844;2020
;Prov. Const. del Callao;1,129,854;89,242;78,017;78,997;71,341;86,438;86,681;79,423;83,617;85,985;78,483;71,857;60,864;49,529;43,495;33,022;22,839;30,024;2020
;Cusco;1,357,075;127,541;122,536;133,477;114,991;114,756;119,813;115,224;100,313;85,019;67,275;61,609;55,552;44,306;34,196;24,548;16,584;19,335;2020
;Huancavelica;365,317;39,868;40,893;45,789;37,431;30,701;29,649;29,021;24,774;19,118;13,983;11,916;11,340;9,048;7,483;5,590;4,187;4,526;2020
;Huánuco;760,267;77,736;77,094;83,861;72,539;68,471;67,259;58,318;54,314;47,297;35,281;29,517;25,075;19,831;15,801;11,267;7,866;8,740;2020
;Ica;975,182;94,572;86,228;88,364;81,991;84,276;82,444;71,810;65,104;57,743;52,521;47,713;44,068;35,014;28,375;21,525;14,848;18,586;2020
;Junín;1,361,467;131,524;126,964;130,536;116,665;113,276;114,003;111,558;96,357;80,831;72,505;63,337;54,081;45,144;37,130;27,111;18,979;21,466;2020
;La Libertad;2,016,771;187,773;162,843;163,336;140,819;168,329;168,586;166,788;154,661;134,747;112,625;107,237;91,372;74,048;61,753;46,041;34,520;41,293;2020
;Lambayeque;1,310,785;115,383;108,125;111,936;97,832;109,050;104,465;101,022;91,964;84,105;75,704;72,443;61,725;50,804;43,411;31,452;22,095;29,269;2020
;Lima;10,628,470;720,786;640,089;692,731;684,911;863,050;885,313;840,819;852,287;813,331;735,681;672,459;578,985;458,363;398,498;302,215;216,131;272,821;2020
;Loreto;1,027,559;124,975;116,917;115,748;95,142;87,642;79,761;78,488;69,451;58,472;45,347;38,055;33,424;26,866;21,660;15,520;9,849;10,242;2020
;Madre de Dios;173,811;15,694;13,654;13,895;11,874;14,958;15,771;15,719;14,969;12,468;10,429;10,180;8,759;5,977;4,256;2,275;1,250;1,683;2020
;Moquegua;192,740;13,194;12,893;13,578;12,629;13,187;13,177;13,891;15,056;16,164;14,853;13,770;11,191;8,880;7,265;5,261;3,539;4,212;2020
;Pasco;271,904;24,831;25,158;27,601;22,908;21,742;20,511;20,677;21,941;19,369;16,182;13,659;10,941;8,215;6,427;4,620;3,111;4,011;2020
;Piura;2,047,954;182,142;174,020;186,917;165,886;173,322;181,604;160,151;149,878;139,724;110,984;101,109;87,967;73,909;61,334;38,535;28,010;32,462;2020
;Puno;1,237,997;110,917;110,092;113,526;105,122;103,747;106,797;99,187;87,188;76,681;71,403;59,353;49,967;41,136;33,736;26,136;19,195;23,814;2020
;San Martín;899,648;92,449;88,894;91,524;79,319;73,719;69,015;66,262;63,691;59,416;50,134;45,424;39,890;28,879;20,130;13,369;8,348;9,185;2020
;Tacna;370,974;25,429;23,312;25,219;25,303;29,590;29,076;29,474;30,141;30,955;26,465;25,136;21,498;16,015;12,512;8,717;5,883;6,249;2020
;Tumbes;251,521;21,816;20,604;21,217;19,395;19,797;18,511;18,939;19,022;19,997;17,078;14,610;12,369;9,607;7,449;4,886;3,019;3,205;2020
;Ucayali;589,110;67,607;58,800;56,468;48,229;50,585;47,108;42,493;43,155;39,660;31,671;27,871;23,824;17,645;13,405;8,576;5,365;6,648;2020
;Amazonas;428,512;45,905;44,971;47,834;39,066;33,981;32,293;35,162;31,321;27,375;20,723;18,252;15,381;12,016;9,324;6,348;4,160;4,400;2021
;Áncash;1,188,391;107,431;99,664;104,593;87,531;92,049;97,762;98,280;88,171;77,517;64,387;61,493;54,349;43,074;36,321;27,746;20,957;27,066;2021
;Apurímac;430,609;42,576;42,376;45,262;36,486;31,694;33,811;41,050;34,806;27,089;20,527;17,058;15,859;12,504;10,095;7,551;5,835;6,030;2021
;Arequipa;1,526,669;118,695;108,737;111,306;108,608;124,122;127,849;117,181;114,539;108,715;97,521;90,174;78,019;63,429;52,792;40,247;27,558;37,177;2021
;Ayacucho;669,979;68,290;66,980;70,573;60,172;55,224;59,496;57,556;47,411;38,068;31,472;26,857;24,395;19,327;15,363;11,124;8,477;9,194;2021
;Cajamarca;1,455,245;138,376;141,502;158,575;135,508;120,003;119,796;117,282;104,780;93,912;73,792;62,540;52,462;42,131;33,816;24,390;16,966;19,414;2021
;Prov. Const. del Callao;1,151,480;90,161;79,793;78,917;72,833;85,156;88,459;81,292;83,585;86,620;80,637;73,804;63,255;51,537;44,892;34,788;24,074;31,677;2021
;Cusco;1,369,932;127,139;121,973;131,923;116,479;113,042;119,224;116,921;103,397;87,847;69,656;62,098;56,468;45,861;35,402;25,457;17,063;19,982;2021
;Huancavelica;358,356;38,424;39,030;43,947;37,148;30,111;28,758;28,488;24,946;19,559;14,259;11,757;11,151;9,088;7,449;5,575;4,137;4,529;2021
;Huánuco;758,416;76,532;75,451;82,062;72,635;67,259;66,717;58,799;54,298;48,129;36,528;29,819;25,381;20,258;16,111;11,569;7,956;8,912;2021
;Ica;998,144;95,737;87,987;88,810;83,631;84,709;84,180;74,625;67,115;59,513;53,850;48,893;45,212;36,762;29,587;22,586;15,577;19,370;2021
;Junín;1,369,003;130,734;126,497;129,573;117,368;111,971;113,091;112,169;98,832;82,534;73,251;64,362;55,062;46,056;38,041;28,042;19,400;22,020;2021
;La Libertad;2,048,492;188,627;165,582;162,615;142,935;164,110;169,786;169,111;158,923;139,177;116,459;108,920;94,580;76,928;64,004;48,150;35,449;43,136;2021
;Lambayeque;1,325,912;115,057;108,509;111,225;99,262;106,521;105,146;102,318;94,119;85,552;77,110;73,379;63,718;52,454;44,771;33,109;23,041;30,621;2021
;Lima;10,814,450;731,126;648,689;684,218;693,238;849,901;898,909;857,476;861,004;828,174;755,199;689,903;600,338;478,717;410,475;316,528;225,137;285,418;2021
;Loreto;1,037,055;124,465;116,451;115,212;96,830;87,225;79,980;78,487;70,930;60,147;47,090;38,833;33,987;27,707;22,344;16,254;10,346;10,767;2021
;Madre de Dios;179,688;16,205;14,078;13,977;12,237;14,869;16,189;16,116;15,507;13,177;10,888;10,420;9,209;6,513;4,588;2,569;1,367;1,779;2021
;Moquegua;195,185;13,210;12,928;13,502;12,747;13,211;13,323;13,863;14,943;16,129;15,161;14,070;11,674;9,247;7,518;5,509;3,711;4,439;2021
;Pasco;270,842;24,260;24,521;26,947;23,012;21,421;20,391;20,285;21,622;19,656;16,500;13,880;11,235;8,468;6,591;4,767;3,183;4,103;2021
;Piura;2,077,039;181,803;174,305;185,498;167,726;170,287;182,459;165,196;152,711;143,209;116,164;103,200;90,432;76,161;63,790;41,426;28,755;33,917;2021
;Puno;1,233,277;109,082;108,365;111,563;104,077;101,431;105,194;99,595;88,162;77,076;71,570;60,506;50,676;41,751;34,178;26,498;19,374;24,179;2021
;San Martín;912,674;92,680;89,087;91,374;80,709;74,114;69,877;66,846;64,307;60,429;51,538;46,113;41,034;30,641;21,368;14,157;8,772;9,628;2021
;Tacna;377,842;25,576;23,602;24,963;25,521;29,440;29,666;29,859;30,390;31,328;27,392;25,579;22,373;16,952;13,096;9,237;6,190;6,678;2021
;Tumbes;255,712;21,928;20,774;21,160;19,673;19,900;18,828;18,965;19,038;20,074;17,708;15,102;12,813;10,069;7,836;5,233;3,210;3,401;2021
;Ucayali;602,400;68,600;60,006;56,862;49,210;50,309;48,360;43,521;43,535;40,810;33,128;28,622;24,715;18,674;14,101;9,237;5,694;7,016;2021
;Amazonas;429,483;45,412;44,593;46,620;40,155;33,726;32,140;34,094;32,069;27,713;21,768;18,152;15,751;12,388;9,547;6,623;4,240;4,492;2022
;Áncash;1,194,156;106,503;100,982;102,436;90,211;87,847;96,655;98,096;90,251;78,975;66,453;60,982;55,647;44,778;36,731;28,644;21,134;27,831;2022
;Apurímac;429,720;41,791;41,838;44,038;37,343;31,136;32,732;39,326;36,421;28,066;21,336;17,200;15,736;12,948;10,165;7,692;5,749;6,203;2022
;Arequipa;1,553,994;119,899;111,981;110,920;111,557;121,582;129,199;120,710;115,177;110,802;100,266;91,502;80,650;65,990;54,209;42,060;28,936;38,554;2022
;Ayacucho;670,579;67,320;66,460;68,872;61,117;54,111;57,983;57,887;49,163;39,184;32,126;27,152;24,408;20,006;15,592;11,440;8,383;9,375;2022
;Cajamarca;1,454,217;136,294;138,815;153,376;138,321;118,282;117,922;116,698;106,312;94,705;76,932;63,064;53,530;43,198;34,434;25,235;17,243;19,856;2022
;Prov. Const. del Callao;1,171,648;91,021;83,090;78,962;75,814;82,663;89,540;83,366;82,725;86,569;82,708;75,244;65,579;53,657;45,736;36,510;25,336;33,128;2022
;Cusco;1,380,594;126,527;122,512;128,906;119,304;110,906;117,599;117,777;106,318;90,391;72,590;62,246;57,021;47,455;36,538;26,394;17,607;20,503;2022
;Huancavelica;350,845;37,065;37,440;41,483;37,018;29,639;27,775;27,657;24,992;19,964;14,659;11,615;10,827;9,169;7,373;5,592;4,058;4,519;2022
;Huánuco;755,213;75,275;74,215;79,293;73,299;65,892;65,538;59,486;53,909;48,594;38,087;30,039;25,565;20,703;16,328;11,911;8,053;9,026;2022
;Ica;1,020,050;96,557;90,572;88,858;85,840;84,736;85,254;77,607;68,835;61,332;55,039;49,985;45,979;38,697;30,691;23,637;16,400;20,031;2022
;Junín;1,374,221;129,706;126,544;127,870;118,826;110,418;111,595;111,774;101,184;84,490;73,666;65,208;55,948;46,918;38,728;29,049;19,866;22,431;2022
;La Libertad;2,077,345;189,274;171,375;162,022;148,135;157,324;170,230;169,567;161,838;143,285;120,616;109,220;97,592;79,830;65,668;50,339;36,316;44,714;2022
;Lambayeque;1,338,994;114,608;110,250;110,340;102,640;102,431;105,413;102,644;95,945;86,756;78,448;73,531;65,604;54,094;45,634;34,869;24,032;31,755;2022
;Lima;10,986,006;743,609;670,312;675,312;713,480;826,106;906,232;872,173;860,782;840,298;773,762;703,268;619,742;501,577;417,984;331,252;234,124;295,993;2022
;Loreto;1,044,884;123,817;116,631;114,038;99,496;86,228;80,209;77,553;72,094;61,558;49,012;39,505;34,299;28,532;22,853;16,949;10,869;11,241;2022
;Madre de Dios;185,478;16,734;14,705;13,991;12,830;14,569;16,582;16,454;15,902;13,921;11,414;10,543;9,599;7,113;4,876;2,910;1,490;1,845;2022
;Moquegua;197,337;13,218;13,056;13,370;12,936;13,156;13,498;13,794;14,765;15,945;15,490;14,265;12,182;9,629;7,733;5,773;3,889;4,638;2022
;Pasco;269,296;23,663;24,044;25,977;23,356;20,955;20,308;19,900;21,001;19,923;16,814;14,056;11,504;8,752;6,711;4,908;3,271;4,153;2022
;Piura;2,103,099;181,169;176,571;182,793;171,800;166,210;180,932;170,619;154,724;145,454;122,259;104,365;92,739;78,387;65,517;45,015;29,307;35,238;2022
;Puno;1,226,353;107,059;106,847;109,098;103,451;98,964;102,684;99,655;89,069;77,604;71,145;61,766;51,283;42,356;34,529;26,857;19,541;24,445;2022
;San Martín;924,384;92,795;89,714;90,592;82,577;74,184;70,649;67,225;64,635;61,095;53,175;46,579;41,808;32,530;22,607;14,969;9,246;10,004;2022
;Tacna;384,222;25,716;24,304;24,685;25,989;28,955;30,197;30,053;30,526;31,365;28,524;25,782;23,160;18,008;13,595;9,787;6,493;7,083;2022
;Tumbes;259,556;22,019;21,114;21,041;20,049;19,833;19,205;18,861;19,058;19,892;18,391;15,559;13,205;10,561;8,154;5,613;3,413;3,588;2022
;Ucayali;615,024;69,528;61,993;57,299;50,833;49,349;49,390;44,553;43,332;41,685;34,777;29,178;25,420;19,755;14,679;9,943;6,028;7,282;2022
;Amazonas;429,943;44,894;44,348;45,131;41,290;33,481;32,079;32,756;32,738;27,922;22,901;18,009;16,079;12,759;9,740;6,914;4,339;4,563;2023
;Áncash;1,198,547;105,452;102,969;100,196;93,606;83,472;95,063;97,204;92,005;80,228;68,649;60,172;56,706;46,506;37,004;29,553;21,306;28,456;2023
;Apurímac;428,311;40,974;41,415;42,578;38,290;30,688;31,752;37,088;37,881;29,031;22,220;17,399;15,531;13,400;10,220;7,852;5,647;6,345;2023
;Arequipa;1,580,075;121,008;115,900;110,710;115,099;118,699;129,732;124,085;115,378;112,619;102,999;92,559;83,138;68,615;55,484;43,825;30,384;39,841;2023
;Ayacucho;670,377;66,260;66,103;66,859;62,204;53,118;56,155;57,827;50,832;40,333;32,801;27,474;24,303;20,688;15,798;11,804;8,279;9,539;2023
;Cajamarca;1,451,436;134,262;136,552;147,160;141,283;116,688;115,747;115,581;107,670;95,068;80,221;63,543;54,528;44,272;34,965;26,119;17,548;20,229;2023
;Prov. Const. del Callao;1,190,860;91,739;87,049;79,303;79,452;79,884;90,007;85,443;81,603;86,097;84,567;76,426;67,802;55,845;46,365;38,153;26,630;34,495;2023
;Cusco;1,389,737;125,727;123,564;125,312;122,473;108,836;115,397;117,969;108,955;92,767;75,796;62,398;57,365;48,991;37,647;27,352;18,208;20,980;2023
;Huancavelica;343,026;35,766;36,036;38,760;36,840;29,247;26,788;26,664;24,908;20,316;15,121;11,518;10,445;9,244;7,284;5,621;3,971;4,497;2023
;Huánuco;751,097;73,980;73,207;76,102;74,052;64,557;64,007;60,152;53,366;48,796;39,727;30,289;25,690;21,138;16,502;12,262;8,164;9,106;2023
;Ica;1,041,312;97,145;93,483;88,852;88,224;84,681;85,896;80,527;70,462;63,180;56,196;51,041;46,558;40,648;31,780;24,689;17,285;20,665;2023
;Junín;1,377,838;128,487;126,786;125,860;120,486;108,913;109,795;110,732;103,238;86,573;74,000;65,932;56,766;47,744;39,294;30,070;20,381;22,781;2023
;La Libertad;2,104,254;189,661;178,478;161,935;154,692;149,943;169,816;168,900;163,783;147,083;124,926;109,018;100,320;82,718;67,082;52,531;37,222;46,146;2023
;Lambayeque;1,350,663;114,053;112,582;109,525;106,816;97,976;105,188;102,377;97,457;87,843;79,736;73,324;67,312;55,720;46,266;36,618;25,080;32,790;2023
;Lima;11,147,924;756,010;698,394;668,417;738,554;799,395;908,064;884,828;856,452;850,024;791,164;714,623;637,609;525,495;424,042;345,785;243,376;305,692;2023
;Loreto;1,051,560;123,090;117,103;112,588;102,431;85,130;80,380;76,167;72,926;62,772;50,982;40,194;34,501;29,308;23,274;17,603;11,408;11,703;2023
;Madre de Dios;191,259;17,250;15,437;14,013;13,509;14,211;16,914;16,758;16,219;14,661;11,997;10,633;9,943;7,728;5,166;3,280;1,629;1,911;2023
;Moquegua;199,286;13,214;13,225;13,240;13,144;13,068;13,676;13,716;14,557;15,677;15,786;14,402;12,674;10,025;7,934;6,040;4,075;4,833;2023
;Pasco;267,425;23,054;23,651;24,874;23,745;20,454;20,226;19,537;20,230;20,117;17,112;14,211;11,751;9,048;6,814;5,043;3,368;4,190;2023
;Piura;2,127,093;180,307;179,716;179,700;176,652;162,085;177,945;175,697;156,444;147,001;128,572;105,333;94,912;80,591;66,868;48,848;29,926;36,496;2023
;Puno;1,217,951;104,912;105,411;106,421;102,943;96,538;99,696;99,339;89,841;78,215;70,452;62,967;51,852;42,953;34,841;27,212;19,709;24,649;2023
;San Martín;935,194;92,818;90,538;89,545;84,520;74,174;71,330;67,505;64,802;61,539;54,861;46,991;42,358;34,403;23,870;15,817;9,766;10,357;2023
;Tacna;390,279;25,832;25,193;24,464;26,547;28,346;30,624;30,154;30,604;31,220;29,689;25,910;23,863;19,105;14,082;10,354;6,809;7,483;2023
;Tumbes;263,164;22,087;21,527;20,919;20,446;19,698;19,584;18,714;19,072;19,581;19,040;16,003;13,573;11,063;8,443;6,007;3,631;3,776;2023
;Ucayali;627,233;70,376;64,330;57,864;52,742;48,186;50,169;45,566;42,888;42,337;36,465;29,692;26,017;20,833;15,215;10,660;6,385;7,508;2023
;Amazonas;430,123;44,355;44,114;43,692;42,145;33,367;32,042;31,478;33,167;28,120;23,955;17,984;16,351;13,116;9,940;7,197;4,459;4,641;2024
;Áncash;1,202,171;104,274;104,785;98,361;96,573;79,888;93,071;95,985;93,344;81,457;70,785;59,615;57,510;48,146;37,390;30,413;21,551;29,023;2024
;Apurímac;426,626;40,132;40,987;41,151;39,003;30,413;30,887;34,844;38,887;30,006;23,134;17,692;15,352;13,786;10,305;8,010;5,570;6,467;2024
;Arequipa;1,605,569;121,910;119,671;110,994;118,387;116,419;129,651;127,053;115,802;114,216;105,615;93,725;85,438;71,231;56,864;45,533;31,872;41,188;2024
;Ayacucho;669,737;65,144;65,715;64,928;62,999;52,376;54,351;57,452;52,253;41,526;33,534;27,850;24,211;21,284;16,041;12,168;8,220;9,685;2024
;Cajamarca;1,447,707;132,218;134,460;141,073;143,271;115,568;113,591;114,186;108,672;95,379;83,222;64,290;55,462;45,326;35,519;26,972;17,909;20,589;2024
;Prov. Const. del Callao;1,209,614;92,224;90,806;80,121;82,906;77,739;89,951;87,320;80,782;85,465;86,083;77,592;69,890;58,062;47,114;39,681;27,961;35,917;2024
;Cusco;1,398,036;124,764;124,552;122,035;124,986;107,326;113,077;117,671;111,187;95,093;78,990;62,895;57,652;50,370;38,777;28,331;18,857;21,473;2024
;Huancavelica;335,142;34,503;34,732;36,130;36,410;28,902;25,882;25,644;24,694;20,595;15,581;11,492;10,089;9,278;7,206;5,644;3,895;4,465;2024
;Huánuco;746,509;72,652;72,250;73,030;74,417;63,436;62,416;60,572;52,886;48,840;41,214;30,681;25,818;21,533;16,683;12,594;8,300;9,187;2024
;Ica;1,062,346;97,632;96,216;89,145;90,393;84,861;86,335;83,154;72,197;65,038;57,432;52,112;47,137;42,449;32,947;25,750;18,201;21,347;2024
;Junín;1,380,561;127,129;126,900;123,976;121,789;107,756;107,968;109,401;104,827;88,659;74,500;66,587;57,546;48,549;39,842;31,039;20,951;23,142;2024
;La Libertad;2,130,145;189,728;185,141;162,722;160,884;143,933;168,446;167,853;165,135;150,575;129,218;109,199;102,681;85,561;68,579;54,657;38,270;47,563;2024
;Lambayeque;1,361,554;113,416;114,736;109,038;110,630;94,352;104,393;101,889;98,664;88,942;80,993;73,183;68,759;57,332;46,936;38,245;26,199;33,847;2024
;Lima;11,304,993;766,108;726,385;665,941;761,374;777,502;905,168;895,381;852,841;857,682;807,194;726,030;654,348;549,009;431,653;359,509;253,177;315,691;2024
;Loreto;1,057,592;122,330;117,516;111,231;104,921;84,405;80,425;74,812;73,412;63,859;52,866;41,023;34,736;30,007;23,697;18,216;11,952;12,184;2024
;Madre de Dios;197,096;17,729;16,179;14,120;14,145;13,956;17,159;17,054;16,512;15,352;12,620;10,779;10,250;8,320;5,489;3,652;1,798;1,982;2024
;Moquegua;201,129;13,196;13,388;13,137;13,318;13,000;13,820;13,659;14,355;15,394;16,009;14,534;13,123;10,432;8,155;6,300;4,268;5,041;2024
;Pasco;265,392;22,453;23,263;23,806;23,985;20,032;20,106;19,216;19,466;20,186;17,383;14,376;11,981;9,340;6,931;5,176;3,471;4,221;2024
;Piura;2,149,978;179,293;182,637;177,128;180,829;158,905;174,417;179,709;158,394;148,395;134,407;106,829;96,970;82,778;68,183;52,478;30,870;37,756;2024
;Puno;1,208,802;102,701;103,925;103,813;102,250;94,349;96,659;98,617;90,416;78,856;69,820;63,945;52,454;43,539;35,166;27,558;19,891;24,843;2024
;San Martín;945,523;92,759;91,319;88,610;86,139;74,326;71,917;67,796;64,935;61,884;56,414;47,518;42,831;36,108;25,183;16,717;10,329;10,738;2024
;Tacna;396,180;25,907;26,043;24,378;27,041;27,821;30,909;30,257;30,674;31,050;30,716;26,127;24,484;20,165;14,633;10,923;7,153;7,899;2024
;Tumbes;266,653;22,125;21,918;20,852;20,788;19,598;19,908;18,613;19,073;19,266;19,568;16,457;13,945;11,552;8,744;6,395;3,869;3,982;2024
;Ucayali;639,279;71,130;66,591;58,644;54,579;47,301;50,670;46,535;42,545;42,812;38,036;30,322;26,583;21,853;15,794;11,363;6,779;7,742;2024
;Amazonas;430,251;43,808;43,767;42,621;42,400;33,509;31,957;30,594;33,193;28,424;24,765;18,241;16,554;13,450;10,179;7,451;4,604;4,734;2025
;Áncash;1,205,639;102,953;105,597;97,413;97,965;78,054;90,767;94,819;94,183;82,846;72,669;59,862;58,047;49,586;38,139;31,165;21,950;29,624;2025
;Apurímac;424,906;39,274;40,433;40,045;39,158;30,377;30,153;33,101;39,136;31,013;24,031;18,115;15,306;14,030;10,468;8,145;5,554;6,567;2025
;Arequipa;1,631,136;122,492;122,464;112,081;120,575;115,697;129,163;129,366;117,113;115,643;108,007;95,379;87,502;73,768;58,598;47,175;33,375;42,738;2025
;Ayacucho;669,020;64,004;65,116;63,473;63,066;52,014;52,902;56,840;53,262;42,777;34,367;28,305;24,265;21,709;16,372;12,481;8,258;9,809;2025
;Cajamarca;1,443,839;130,100;132,283;136,256;143,158;115,267;111,775;112,766;109,139;96,009;85,494;65,617;56,348;46,337;36,204;27,731;18,357;20,998;2025
;Prov. Const. del Callao;1,228,411;92,388;93,500;81,589;85,342;77,155;89,457;88,796;80,826;84,937;87,124;78,992;71,810;60,259;48,321;41,057;29,336;37,522;2025
;Cusco;1,406,165;123,657;124,891;119,968;125,856;106,866;111,094;117,064;112,892;97,483;81,891;64,081;58,036;51,489;39,972;29,324;19,546;22,055;2025
;Huancavelica;327,440;33,250;33,438;33,960;35,525;28,564;25,144;24,731;24,348;20,782;15,978;11,569;9,832;9,228;7,163;5,644;3,847;4,437;2025
;Huánuco;741,887;71,303;71,163;70,616;73,919;62,715;61,055;60,523;52,689;48,831;42,319;31,323;26,013;21,858;16,921;12,881;8,468;9,290;2025
;Ica;1,083,566;98,131;98,269;90,083;91,953;85,597;86,801;85,257;74,240;66,888;58,854;53,248;47,908;43,931;34,287;26,831;19,118;22,170;2025
;Junín;1,383,107;125,688;126,568;122,651;122,180;107,242;106,395;108,137;105,774;90,621;75,416;67,228;58,317;49,347;40,473;31,892;21,578;23,600;2025
;La Libertad;2,155,943;189,418;189,622;164,762;164,984;141,261;166,018;167,165;166,269;153,773;133,321;110,647;104,588;88,322;70,496;56,640;39,562;49,095;2025
;Lambayeque;1,372,301;112,718;115,945;109,120;112,934;92,754;102,950;101,556;99,584;90,180;82,234;73,532;69,867;58,927;47,907;39,638;27,401;35,054;2025
;Lima;11,461,995;771,669;747,718;670,290;774,846;768,169;898,318;903,778;854,762;863,599;821,639;739,561;670,375;570,677;443,837;371,806;263,806;327,145;2025
;Loreto;1,063,495;121,597;117,517;110,330;106,256;84,531;80,275;73,965;73,538;64,884;54,535;42,115;35,145;30,596;24,210;18,789;12,494;12,718;2025
;Madre de Dios;203,069;18,156;16,834;14,396;14,602;13,964;17,287;17,364;16,839;15,958;13,262;11,064;10,531;8,838;5,887;4,001;2,003;2,083;2025
;Moquegua;202,946;13,148;13,485;13,096;13,401;13,003;13,908;13,661;14,205;15,161;16,113;14,714;13,496;10,850;8,424;6,550;4,471;5,260;2025
;Pasco;263,354;21,877;22,807;22,949;23,880;19,797;19,913;18,949;18,861;20,077;17,616;14,574;12,196;9,610;7,092;5,304;3,578;4,274;2025
;Piura;2,172,710;178,192;184,240;175,984;182,875;157,659;171,269;181,927;161,100;150,177;139,068;109,578;98,933;84,951;69,815;55,452;32,397;39,093;2025
;Puno;1,199,636;100,491;102,264;101,565;101,071;92,589;94,004;97,460;90,727;79,475;69,576;64,532;53,152;44,112;35,551;27,894;20,104;25,069;2025
;San Martín;955,789;92,647;91,819;88,155;87,030;74,882;72,405;68,204;65,161;62,252;57,654;48,330;43,371;37,502;26,574;17,684;10,930;11,189;2025
;Tacna;402,089;25,925;26,630;24,506;27,314;27,592;31,004;30,460;30,792;31,009;31,438;26,598;25,028;21,112;15,319;11,480;7,540;8,342;2025
;Tumbes;270,134;22,130;22,192;20,898;20,999;19,633;20,121;18,644;19,054;19,074;19,890;16,946;14,347;12,009;9,098;6,756;4,131;4,212;2025
;Ucayali;651,416;71,778;68,343;59,726;55,986;47,174;50,867;47,436;42,642;43,161;39,336;31,221;27,197;22,761;16,494;12,021;7,227;8,046;2025
